{"cameraMode":{"drawMode":0,"name":"Shaded","section":"Shading Mode"},"sceneLighting":false,"audioPlay":false,"sceneViewState":{"showFog":true,"showMaterialUpdate":false,"showSkybox":false,"showFlares":true,"showImageEffects":true,"showParticleSystems":true},"in2DMode":false,"pivot":{"x":0.025738820433616639,"y":0.009156465530395508,"z":-0.3035331964492798},"rotation":{"x":0.22704435884952546,"y":-0.7432690262794495,"z":0.5491717457771301,"w":0.30738309025764468},"size":0.16565053164958955,"orthographic":false}